year,id,mhi,mgr,groc,high_end_groc,liq,low_end_groc
2000,010100,113888.8,1038.0,0.0,1.0,0.0,0.0
2000,010200,223787.1173,1215.0,0.0,0.0,0.0,0.0
2000,010300,106184.1478,1124.0,0.0,0.0,0.0,1.0
2000,010400,134859.3238,1106.0,0.0,1.0,0.0,0.0
2000,010500,196452.381,1514.0,0.0,1.0,0.0,0.0
2000,010600,68213.5318,706.0,1.0,1.0,1.0,1.0
2000,010700,37008.20064,348.0,2.0,0.0,0.0,5.0
2000,010800,112525.9728,866.0,0.0,0.0,0.0,0.0
2000,010900,76948.18793,991.0,0.0,1.0,0.0,0.0
2000,011000,57066.33067999999,809.0,0.0,0.0,0.0,0.0
2000,011100,49554.45434,774.0,0.0,2.0,0.0,0.0
2000,011200,144530.0268,1005.0,0.0,1.0,0.0,0.0
2000,011300,41932.95455,450.0,3.0,2.0,0.0,1.0
2000,011700,41579.72321,559.0,0.0,0.0,3.0,0.0
2000,011800,36170.58824,500.0,0.0,0.0,0.0,0.0
2000,011901,90504.41948,836.0,0.0,0.0,0.0,0.0
2000,011902,90241.3,836.0,0.0,1.0,0.0,0.0
2000,012000,41275.63851,679.0,0.0,1.0,0.0,0.0
2000,012100,51650.69252,758.0,0.0,0.0,0.0,1.0
2000,012201,45550.42116000001,678.0,0.0,0.0,0.0,0.0
2000,012202,45537.64815,678.0,0.0,0.0,0.0,0.0
2000,012301,38002.44335,561.0,0.0,0.0,1.0,1.0
2000,012302,37836.36098,561.0,0.0,1.0,2.0,0.0
2000,012401,31057.604260000004,552.0,0.0,0.0,1.0,1.0
2000,012402,31002.24483,552.0,0.0,0.0,1.0,0.0
2000,012501,32286.44534,374.0,0.0,0.0,0.0,0.0
2000,012502,32266.9791,374.0,0.0,0.0,0.0,0.0
2000,012601,191187.6355,1388.0,0.0,0.0,0.0,0.0
2000,012602,190563.9878,1388.0,0.0,1.0,0.0,0.0
2000,012700,206337.3404,1540.0,0.0,0.0,1.0,0.0
2000,012800,247496.187,1228.0,0.0,2.0,2.0,0.0
2000,012901,134845.1055,1141.0,0.0,0.0,0.0,0.0
2000,012902,134668.0896,1141.0,0.0,0.0,0.0,0.0
2000,013000,208417.765,1231.0,0.0,0.0,0.0,2.0
2000,013101,177448.5459,1392.0,0.0,0.0,0.0,0.0
2000,013102,176923.2057,1392.0,0.0,1.0,0.0,0.0
2000,013200,356260.8079,1571.0,0.0,2.0,0.0,0.0
2000,013300,293053.8377,1227.0,0.0,0.0,0.0,0.0
2000,013400,222159.8976,1305.0,0.0,0.0,0.0,0.0
2000,013500,196961.036,1079.0,0.0,0.0,1.0,1.0
2000,015100,140164.8199,974.0,0.0,0.0,0.0,1.0
2000,015200,125094.3894,984.0,0.0,0.0,0.0,0.0
2000,015300,171560.0746,1133.0,0.0,0.0,0.0,0.0
2000,015400,137870.8747,1173.0,0.0,2.0,1.0,0.0
2000,015500,73213.07551,880.0,0.0,0.0,0.0,0.0
2000,015600,100357.5419,1065.0,0.0,0.0,1.0,0.0
2000,015700,97856.33641,1111.0,0.0,0.0,0.0,0.0
2000,015801,69362.67615,878.0,0.0,0.0,0.0,0.0
2000,015802,69119.41576,878.0,0.0,2.0,0.0,0.0
2000,015900,52174.33628,1082.0,1.0,0.0,0.0,0.0
2000,016000,65811.01695,925.0,0.0,0.0,0.0,0.0
2000,016100,38446.51163,426.0,0.0,0.0,0.0,1.0
2000,016200,51834.68208,741.0,0.0,0.0,1.0,1.0
2000,016300,47636.36364,818.0,0.0,0.0,0.0,3.0
2000,016400,61906.91489,1011.0,0.0,0.0,1.0,0.0
2000,016500,77051.15273999999,993.0,0.0,0.0,0.0,0.0
2000,016600,87376.47059,1171.0,0.0,1.0,0.0,0.0
2000,016700,96900.76336,999.0,0.0,0.0,0.0,1.0
2000,016801,56494.80814,824.0,0.0,0.0,0.0,1.0
2000,016802,56482.52599,824.0,0.0,1.0,0.0,0.0
2000,016900,101499.6094,1016.0,0.0,1.0,0.0,1.0
2000,017000,154648.2838,1181.0,0.0,0.0,0.0,0.0
2000,017101,152983.0034,1178.0,0.0,0.0,0.0,0.0
2000,017102,152905.8044,1178.0,0.0,0.0,1.0,0.0
2000,017601,45447.62177,551.0,0.0,0.0,2.0,1.0
2000,017700,83111.89591,916.0,0.0,2.0,0.0,1.0
2000,017801,39589.33333,382.0,0.0,0.0,0.0,0.0
2000,017802,39441.5082,382.0,0.0,1.0,2.0,1.0
2000,017902,85293.98907000001,1809.0,0.0,0.0,0.0,0.0
2000,018000,157397.8417,734.0,0.0,1.0,0.0,0.0
2000,020100,47879.38144,626.0,0.0,0.0,0.0,3.0
2000,020200,52753.41463,789.0,0.0,0.0,1.0,3.0
2000,020300,96888.31169,963.0,0.0,2.0,0.0,0.0
2000,020401,131730.3942,1186.0,0.0,0.0,0.0,0.0
2000,020402,131577.1613,1186.0,0.0,0.0,0.0,0.0
2000,020500,160796.5957,1084.0,0.0,1.0,0.0,0.0
2000,020600,125319.6995,1076.0,0.0,1.0,0.0,0.0
2000,020700,72127.62431,905.0,0.0,0.0,0.0,0.0
2000,020800,44114.65594,784.0,1.0,0.0,0.0,1.0
2000,020900,50284.57889,773.0,0.0,2.0,0.0,0.0
2000,021000,94668.21282,891.0,0.0,0.0,0.0,2.0
2000,021100,155305.7402,1169.0,0.0,0.0,0.0,0.0
2000,021200,147466.4659,1211.0,0.0,0.0,0.0,0.0
2000,021300,138665.6716,1276.0,0.0,1.0,0.0,0.0
2000,021400,124126.6458,1244.0,0.0,0.0,1.0,0.0
2000,021500,94264.2268,1019.0,0.0,2.0,0.0,0.0
2000,021600,134011.3445,1097.0,0.0,0.0,0.0,0.0
2000,021700,111232.4689,942.0,0.0,1.0,0.0,0.0
2000,021800,125941.9236,1231.0,0.0,0.0,0.0,0.0
2000,022600,96048.21429,1036.0,0.0,0.0,0.0,0.0
2000,022702,154674.3243,1455.0,0.0,1.0,0.0,0.0
2000,022704,128089.6419,1203.0,0.0,0.0,0.0,0.0
2000,022801,54670.97744,859.0,0.0,0.0,1.0,0.0
2000,022802,98999.03537,747.0,0.0,0.0,0.0,0.0
2000,022803,49168.42105,961.0,0.0,0.0,0.0,0.0
2000,022901,57572.08183,993.0,0.0,0.0,1.0,0.0
2000,022902,51535.21445,919.0,0.0,0.0,0.0,0.0
2000,022903,99405.83264,916.0,0.0,1.0,1.0,0.0
2000,023001,63382.31225,702.0,0.0,0.0,0.0,0.0
2000,023003,64099.87531,952.0,0.0,0.0,0.0,0.0
2000,023102,44363.97727,308.0,0.0,0.0,0.0,0.0
2000,023103,20402.68398,407.0,0.0,0.0,1.0,0.0
2000,023200,55335.88667000001,790.0,0.0,1.0,0.0,0.0
2000,023300,62572.44737,735.0,0.0,0.0,0.0,0.0
2000,023400,44507.90191,399.0,0.0,0.0,1.0,0.0
2000,025100,90985.96769,1118.0,0.0,0.0,0.0,0.0
2000,025200,83903.31061,1168.0,0.0,1.0,0.0,0.0
2000,025300,75948.65196,936.0,0.0,1.0,0.0,0.0
2000,025401,59003.95408,839.0,0.0,1.0,0.0,0.0
2000,025402,70516.95637999999,956.0,0.0,0.0,0.0,0.0
2000,025403,60213.94501,840.0,0.0,0.0,0.0,0.0
2000,025500,72135.32495,1181.0,0.0,1.0,0.0,1.0
2000,025600,76523.25976,1199.0,0.0,0.0,0.0,0.0
2000,025701,64504.25119,904.0,0.0,0.0,1.0,0.0
2000,025702,64448.57539,904.0,0.0,0.0,1.0,1.0
2000,025800,70630.64031,846.0,0.0,0.0,0.0,0.0
2000,025900,75912.51282,1138.0,0.0,0.0,0.0,0.0
2000,026001,62585.79439,908.0,0.0,0.0,0.0,0.0
2000,026002,72375.51622,1269.0,0.0,0.0,1.0,0.0
2000,026003,71824.13442,1028.0,0.0,0.0,0.0,0.0
2000,026004,67278.35724,1107.0,0.0,1.0,0.0,0.0
2000,026100,74379.90276,1001.0,0.0,0.0,2.0,0.0
2000,026200,75377.80041,1062.0,0.0,0.0,0.0,1.0
2000,026301,66235.59322000001,1011.0,0.0,0.0,0.0,0.0
2000,026302,69645.87353,971.0,0.0,0.0,0.0,1.0
2000,026303,63858.23171,932.0,0.0,0.0,0.0,0.0
2000,026401,58126.84471000001,938.0,0.0,0.0,0.0,0.0
2000,026402,71121.99287,783.0,0.0,0.0,0.0,0.0
2000,026403,56641.70752,873.0,0.0,0.0,0.0,0.0
2000,026404,66684.19099,1010.0,0.0,0.0,0.0,0.0
2000,030101,106899.0398,1064.0,0.0,0.0,0.0,0.0
2000,030102,165497.1706,1099.0,0.0,0.0,1.0,0.0
2000,030201,77952.88343999999,979.0,0.0,0.0,0.0,0.0
2000,030202,96914.70952,1013.0,0.0,1.0,1.0,0.0
2000,030301,98220.52092,1201.0,0.0,0.0,0.0,0.0
2000,030302,113478.1072,1245.0,0.0,0.0,0.0,0.0
2000,030400,131363.3582,1215.0,0.0,1.0,1.0,0.0
2000,030500,144524.5318,763.0,0.0,0.0,0.0,0.0
2000,030600,137563.3333,1268.0,0.0,0.0,0.0,0.0
2000,030700,116982.3417,1713.0,0.0,0.0,0.0,0.0
2000,030800,145216.8385,1165.0,0.0,0.0,0.0,1.0
2000,030900,151697.5041,1651.0,0.0,0.0,0.0,0.0
2000,031000,125314.3813,1318.0,0.0,0.0,0.0,0.0
2000,031100,80167.53195,961.0,0.0,1.0,0.0,0.0
2000,031201,73906.43374,996.0,0.0,0.0,0.0,2.0
2000,031202,74001.87557999999,996.0,0.0,1.0,0.0,0.0
2000,031301,71845.30769,1048.0,0.0,0.0,0.0,0.0
2000,031302,71741.00177999999,1048.0,0.0,0.0,1.0,0.0
2000,031400,70193.03057,1011.0,0.0,1.0,0.0,0.0
2000,032601,86738.38437,1025.0,0.0,0.0,0.0,3.0
2000,032602,86675.67245,1025.0,0.0,0.0,0.0,0.0
2000,032700,84134.87312999999,1230.0,0.0,0.0,0.0,0.0
2000,032801,78120.23395,1179.0,0.0,0.0,0.0,0.0
2000,032802,78106.30833,1179.0,0.0,0.0,0.0,0.0
2000,032901,80276.46817000001,1416.0,0.0,0.0,1.0,0.0
2000,032902,80143.76058,1416.0,0.0,1.0,1.0,0.0
2000,033000,95351.60183,1269.0,0.0,0.0,0.0,0.0
2000,033100,116574.4498,2001.0,0.0,0.0,0.0,0.0
2000,033201,55902.61628,1246.0,0.0,0.0,0.0,0.0
2000,033203,66713.45404,1098.0,0.0,0.0,0.0,0.0
2000,033204,66689.54675,1098.0,0.0,0.0,0.0,0.0
2000,035100,83315.92179,1210.0,0.0,0.0,0.0,0.0
2000,035201,77258.28743,991.0,0.0,0.0,0.0,1.0
2000,035202,68478.99441,954.0,0.0,1.0,0.0,0.0
2000,035300,71903.58852,1149.0,0.0,0.0,1.0,1.0
2000,035400,70333.12446,965.0,0.0,0.0,1.0,1.0
2000,040100,114594.378,966.0,0.0,1.0,0.0,1.0
2000,040200,117998.8126,1090.0,0.0,1.0,0.0,0.0
2000,042601,95181.75262,956.0,0.0,0.0,1.0,0.0
2000,042602,95063.21132,956.0,0.0,0.0,0.0,0.0
2000,042700,75501.51879,892.0,0.0,1.0,0.0,0.0
2000,042800,278294.382,1147.0,0.0,0.0,0.0,0.0
2000,045100,83824.59485,970.0,0.0,0.0,0.0,0.0
2000,045200,92155.98923,1003.0,0.0,2.0,0.0,0.0
2000,047600,82527.78242999999,1042.0,0.0,0.0,0.0,1.0
2000,047701,60396.0539,995.0,0.0,0.0,1.0,0.0
2000,047702,90262.95117,992.0,0.0,0.0,0.0,0.0
2000,047801,86873.52958,1000.0,0.0,0.0,0.0,1.0
2000,047802,86697.91856,1000.0,0.0,0.0,0.0,0.0
2000,047901,77738.42202,963.0,0.0,1.0,0.0,0.0
2000,047902,85081.85012,1104.0,0.0,0.0,0.0,0.0
2000,060100,83060.3856,1736.0,0.0,0.0,0.0,0.0
2000,060400,103206.6667,1103.0,0.0,0.0,0.0,0.0
2000,060502,31042.36641,216.0,0.0,0.0,1.0,0.0
2000,060700,34440.71875,641.0,0.0,0.0,0.0,0.0
2000,061000,74071.36742000001,949.0,0.0,0.0,0.0,0.0
2000,061100,29516.93122,325.0,0.0,1.0,0.0,1.0
2000,061200,43909.32643,674.0,0.0,0.0,2.0,0.0
2000,061400,84294.74762000001,647.0,1.0,2.0,0.0,0.0
2000,061500,133838.5742,1740.0,0.0,2.0,1.0,0.0
2000,980200,94435.71429,1366.0,0.0,0.0,0.0,0.0
2000,980300,26740.8,1097.0,0.0,0.0,0.0,0.0
2000,980401,95031.83966,1103.0,0.0,0.0,0.0,0.0
2000,980501,66260.80722999999,855.0,0.0,0.0,0.0,0.0
2000,980600,45965.49296,611.0,0.0,0.0,0.0,0.0
2000,980900,60887.96667,490.0,0.0,1.0,1.0,0.0
2000,990100,74733.12763999999,977.0,0.0,0.0,0.0,0.0
2010,010100,79005.364,1498.216882,0.0,3.0,0.0,0.0
2010,010200,138262.2288,1766.4863699999999,0.0,1.0,0.0,0.0
2010,010300,145232.6886,2000.0,0.0,0.0,0.0,1.0
2010,010400,142678.4448,2000.0,0.0,2.0,0.0,0.0
2010,010500,189825.6704,2000.0,0.0,2.0,1.0,0.0
2010,010600,68605.37443,1156.0596130000001,1.0,2.0,2.0,1.0
2010,010700,46637.96832,604.7430815,2.0,5.0,0.0,8.0
2010,010800,141233.6544,1582.3352810000001,0.0,1.0,0.0,0.0
2010,010900,153128.4507,1542.549552,1.0,4.0,1.0,0.0
2010,011000,95268.6333,1112.863678,1.0,0.0,3.0,0.0
2010,011100,79714.68671000001,1190.161666,0.0,4.0,0.0,1.0
2010,011200,142869.4163,1710.7863489999993,0.0,1.0,0.0,0.0
2010,011300,44405.42055,599.0594058999999,4.0,2.0,0.0,2.0
2010,011700,47441.64005,898.0207412999997,0.0,0.0,5.0,0.0
2010,011800,50214.13699,711.5961823,0.0,0.0,0.0,1.0
2010,011901,76673.92027999999,1207.212693,0.0,1.0,0.0,1.0
2010,011902,101682.0928,1342.484171,0.0,2.0,1.0,0.0
2010,012000,54526.91002,1148.102467,0.0,1.0,0.0,2.0
2010,012100,48337.38732,1235.631071,1.0,0.0,1.0,1.0
2010,012201,58496.38905,1114.000413,0.0,0.0,0.0,5.0
2010,012202,44423.60832,944.626881,0.0,0.0,0.0,2.0
2010,012301,30887.366560000002,667.2635128,0.0,0.0,1.0,2.0
2010,012302,41869.36451,1107.180003,0.0,4.0,4.0,0.0
2010,012401,32926.66936,835.5003098999997,0.0,1.0,1.0,5.0
2010,012402,39175.30229,963.951378,0.0,1.0,1.0,0.0
2010,012501,21763.930519999998,634.2981945,1.0,1.0,1.0,0.0
2010,012502,18191.17205,519.4879478,0.0,0.0,0.0,1.0
2010,012601,149329.4819,2000.0,0.0,0.0,0.0,0.0
2010,012602,207138.1462,2000.0,0.0,1.0,0.0,0.0
2010,012700,187561.2941,1959.7313390000002,0.0,0.0,1.0,0.0
2010,012800,162114.3418,1891.5272320000001,0.0,2.0,5.0,0.0
2010,012901,133309.4739,1949.500723,0.0,0.0,0.0,0.0
2010,012902,159141.7794,1791.4945420000001,0.0,1.0,0.0,0.0
2010,013000,156705.7561,2000.0,0.0,1.0,1.0,2.0
2010,013101,162589.497,1944.953783,0.0,0.0,0.0,0.0
2010,013102,188201.2759,2000.0,0.0,1.0,0.0,0.0
2010,013200,286420.8736,2000.0,0.0,2.0,0.0,0.0
2010,013300,250598.9399,2000.0,0.0,0.0,1.0,0.0
2010,013400,234299.2951,1860.835384,0.0,2.0,0.0,0.0
2010,013500,155954.3742,1680.0945010000007,0.0,0.0,2.0,1.0
2010,015100,121862.5513,1627.804685,0.0,0.0,0.0,1.0
2010,015200,114668.1548,1533.4556710000006,0.0,1.0,0.0,0.0
2010,015300,178068.4191,1616.437334,0.0,0.0,0.0,0.0
2010,015400,138712.3759,1723.2904350000001,0.0,2.0,1.0,0.0
2010,015500,77526.47162000001,1533.4556710000006,0.0,1.0,0.0,1.0
2010,015600,109117.4772,1561.874049,0.0,0.0,1.0,0.0
2010,015700,130644.9668,1740.341462,0.0,1.0,0.0,1.0
2010,015801,92565.47718999999,1291.331091,0.0,0.0,0.0,0.0
2010,015802,92464.30777,1747.161873,0.0,2.0,0.0,1.0
2010,015900,73717.27223999999,1578.925076,1.0,2.0,0.0,2.0
2010,016000,83147.62676,1387.9535759999999,0.0,1.0,0.0,0.0
2010,016100,47499.61354,611.5634922,0.0,0.0,0.0,1.0
2010,016200,69222.6216,1316.339264,0.0,1.0,1.0,1.0
2010,016300,100491.9312,1332.253555,0.0,1.0,0.0,3.0
2010,016400,113392.73800000001,1715.3332890000001,0.0,4.0,2.0,0.0
2010,016500,121005.4531,1622.12101,0.0,0.0,0.0,0.0
2010,016600,113271.1073,1829.0068010000002,0.0,1.0,2.0,0.0
2010,016700,121838.6799,1723.2904350000001,0.0,1.0,0.0,2.0
2010,016801,120842.8999,1601.659778,0.0,1.0,0.0,1.0
2010,016802,113998.6178,1422.05563,0.0,1.0,0.0,0.0
2010,016900,119508.3729,1721.0169649999998,0.0,2.0,0.0,2.0
2010,017000,156116.9273,1829.0068010000002,0.0,0.0,0.0,0.0
2010,017101,171593.5759,1790.357807,0.0,0.0,0.0,0.0
2010,017102,158414.269,1957.457869,0.0,0.0,1.0,1.0
2010,017601,53136.68298,866.1921581,2.0,2.0,3.0,2.0
2010,017700,103374.6914,1436.8331859999994,0.0,3.0,0.0,1.0
2010,017801,82250.74276000001,341.0205347,0.0,1.0,0.0,0.0
2010,017802,127670.131,1576.651605,0.0,1.0,2.0,1.0
2010,017902,71939.41852,2000.0,0.0,0.0,0.0,0.0
2010,018000,147333.3751,2000.0,0.0,2.0,1.0,0.0
2010,020100,68257.53348,994.6432261,0.0,1.0,0.0,4.0
2010,020200,89381.48214,1304.971913,1.0,2.0,1.0,4.0
2010,020300,130087.9666,1860.835384,0.0,4.0,1.0,0.0
2010,020401,148644.0307,2000.0,0.0,0.0,0.0,0.0
2010,020402,131100.7976,1742.614932,0.0,0.0,0.0,0.0
2010,020500,133700.5108,1581.198546,0.0,1.0,0.0,0.0
2010,020600,168702.8585,1838.100682,0.0,2.0,2.0,0.0
2010,020700,138796.4943,1696.008792,0.0,0.0,0.0,2.0
2010,020800,88189.04699999998,1150.375937,1.0,0.0,0.0,3.0
2010,020900,80928.71982,1094.675916,0.0,3.0,0.0,4.0
2010,021000,135801.1973,1613.0271289999994,0.0,0.0,0.0,2.0
2010,021100,191130.6423,1854.014973,0.0,0.0,0.0,0.0
2010,021200,204283.8044,1840.3741519999999,0.0,0.0,0.0,0.0
2010,021300,198787.6901,1902.8945829999998,0.0,1.0,0.0,0.0
2010,021400,144808.6864,1923.355816,0.0,1.0,2.0,0.0
2010,021500,144554.0577,1847.1945629999998,0.0,2.0,0.0,0.0
2010,021600,137903.0205,1702.829203,0.0,0.0,0.0,0.0
2010,021700,140106.0132,1433.4229810000006,0.0,1.0,0.0,0.0
2010,021800,150833.3825,2000.0,0.0,2.0,0.0,0.0
2010,022600,189615.3744,2000.0,0.0,0.0,2.0,0.0
2010,022702,193031.2634,2000.0,0.0,2.0,0.0,1.0
2010,022704,185805.0383,2000.0,0.0,1.0,0.0,0.0
2010,022801,134991.8419,1534.592406,0.0,0.0,1.0,0.0
2010,022802,116980.274,1401.594397,0.0,0.0,0.0,0.0
2010,022803,92219.90972000001,1594.839367,0.0,0.0,0.0,0.0
2010,022901,85953.08902999999,1428.87604,0.0,0.0,1.0,2.0
2010,022902,79230.43755,1599.386308,0.0,0.0,0.0,1.0
2010,022903,100504.4352,1570.96793,0.0,1.0,2.0,0.0
2010,023001,66327.35726,1386.816841,0.0,1.0,0.0,0.0
2010,023003,101935.5848,1057.163657,0.0,0.0,0.0,0.0
2010,023102,59603.56905,803.6717267000001,0.0,0.0,0.0,0.0
2010,023103,32224.167060000003,469.47160269999995,0.0,0.0,1.0,0.0
2010,023200,66688.83902,1326.56988,2.0,1.0,1.0,0.0
2010,023300,104800.1572,1975.6456309999999,0.0,0.0,0.0,0.0
2010,023400,65528.23247,802.5349916,0.0,0.0,1.0,0.0
2010,025100,125676.2976,2000.0,0.0,1.0,0.0,0.0
2010,025200,147735.7793,1536.865876,0.0,3.0,2.0,0.0
2010,025300,126312.8693,1486.849531,0.0,1.0,0.0,0.0
2010,025401,111878.6068,1743.7516670000002,0.0,1.0,0.0,1.0
2010,025402,120315.4548,1437.969921,0.0,0.0,0.0,0.0
2010,025403,107910.2645,1124.2310289999998,0.0,0.0,0.0,0.0
2010,025500,120108.569,1465.2515640000001,0.0,1.0,0.0,6.0
2010,025600,89164.36572999998,2000.0,0.0,0.0,0.0,2.0
2010,025701,100678.3557,1824.4598600000002,0.0,0.0,1.0,0.0
2010,025702,76828.51625,1701.692468,0.0,1.0,1.0,2.0
2010,025800,81486.85676,1225.400455,0.0,0.0,0.0,0.0
2010,025900,107719.293,2000.0,0.0,0.0,0.0,0.0
2010,026001,98506.05491,1343.620907,0.0,0.0,0.0,0.0
2010,026002,84940.25804,1874.4762059999998,0.0,1.0,1.0,0.0
2010,026003,95563.04768999999,1791.4945420000001,0.0,0.0,0.0,0.0
2010,026004,99897.41868999999,1259.502508,0.0,2.0,1.0,0.0
2010,026100,99018.72245,1582.3352810000001,0.0,0.0,3.0,0.0
2010,026200,105909.6107,1512.994439,0.0,0.0,2.0,1.0
2010,026301,90648.94179,1575.51487,0.0,1.0,0.0,0.0
2010,026302,84157.04754,1611.890394,0.0,0.0,1.0,1.0
2010,026303,110162.1368,1407.278073,0.0,0.0,0.0,0.0
2010,026401,74017.37031,1189.0249310000004,0.0,0.0,0.0,0.0
2010,026402,90520.49072,1522.0883199999994,0.0,0.0,0.0,0.0
2010,026403,66333.04092999999,1350.441317,0.0,0.0,0.0,0.0
2010,026404,64964.41185,819.5860183,0.0,0.0,1.0,0.0
2010,030101,147613.0119,1899.484378,0.0,1.0,0.0,1.0
2010,030102,141949.7976,1896.074173,0.0,0.0,1.0,0.0
2010,030201,98709.53049,1581.198546,0.0,0.0,0.0,0.0
2010,030202,112373.0866,1664.1802089999999,0.0,1.0,2.0,2.0
2010,030301,143611.7043,1877.886411,0.0,0.0,0.0,0.0
2010,030302,135796.6504,2000.0,0.0,0.0,0.0,0.0
2010,030400,163811.4873,1630.078156,0.0,1.0,2.0,0.0
2010,030500,152971.5812,345.5674751,0.0,0.0,0.0,0.0
2010,030600,162307.5867,2000.0,0.0,1.0,0.0,1.0
2010,030700,172308.5823,2000.0,0.0,0.0,0.0,0.0
2010,030800,184373.8888,1916.535405,0.0,1.0,0.0,1.0
2010,030900,205197.7394,2000.0,0.0,0.0,1.0,0.0
2010,031000,125022.6749,2000.0,0.0,0.0,0.0,0.0
2010,031100,135977.3913,1932.4496960000001,0.0,1.0,0.0,1.0
2010,031201,92369.95875,862.7819527,0.0,0.0,1.0,3.0
2010,031202,93669.24699,1890.3904969999999,0.0,1.0,0.0,0.0
2010,031301,104810.3879,2000.0,0.0,0.0,0.0,0.0
2010,031302,97015.79517,1170.837169,0.0,0.0,1.0,0.0
2010,031400,81061.71783,1349.304582,0.0,1.0,0.0,0.0
2010,032601,91619.71358,1478.8923849999999,0.0,0.0,0.0,4.0
2010,032602,95377.75987000001,1495.9434119999999,0.0,0.0,0.0,0.0
2010,032700,120348.4202,1620.984275,0.0,0.0,0.0,0.0
2010,032801,126699.3592,2000.0,0.0,0.0,0.0,0.0
2010,032802,86092.90745,1806.2720989999998,0.0,0.0,0.0,0.0
2010,032901,111659.2169,2000.0,0.0,0.0,1.0,0.0
2010,032902,108686.6546,2000.0,0.0,1.0,1.0,0.0
2010,033000,127465.5187,2000.0,0.0,0.0,0.0,1.0
2010,033100,127221.1207,2000.0,0.0,1.0,0.0,0.0
2010,033201,55561.33897999999,1759.665959,0.0,1.0,0.0,0.0
2010,033203,81118.55458,2000.0,0.0,0.0,0.0,0.0
2010,033204,61350.73092,1926.7660210000001,0.0,0.0,0.0,0.0
2010,035100,122192.2045,1877.886411,0.0,0.0,0.0,0.0
2010,035201,88282.25928,1577.78834,0.0,0.0,1.0,1.0
2010,035202,92340.40364,1506.174028,0.0,1.0,0.0,1.0
2010,035300,94932.15971,1520.951585,0.0,0.0,1.0,1.0
2010,035400,106221.0761,1365.218874,0.0,0.0,1.0,2.0
2010,040100,107427.1521,1567.557724,0.0,1.0,0.0,3.0
2010,040200,111337.5209,1583.472016,0.0,1.0,1.0,3.0
2010,042601,111070.3881,1556.1903730000001,0.0,1.0,2.0,1.0
2010,042602,118285.2459,1760.8026940000002,0.0,0.0,0.0,0.0
2010,042700,113433.6604,1548.233227,0.0,1.0,1.0,0.0
2010,042800,297426.743,2000.0,0.0,0.0,0.0,0.0
2010,045100,125406.8914,1631.214891,0.0,0.0,0.0,0.0
2010,045200,120750.8244,1582.3352810000001,0.0,3.0,0.0,1.0
2010,047600,94561.58406000001,1736.931257,0.0,1.0,0.0,2.0
2010,047701,83694.39635,1335.663761,0.0,1.0,1.0,2.0
2010,047702,104806.9777,1607.343453,0.0,0.0,0.0,0.0
2010,047801,100748.8333,1855.151709,0.0,0.0,0.0,1.0
2010,047802,104065.8264,1569.831195,0.0,0.0,0.0,0.0
2010,047901,110384.9369,1622.12101,0.0,2.0,0.0,0.0
2010,047902,121078.2041,1627.804685,0.0,0.0,0.0,0.0
2010,060100,209558.2553,2000.0,0.0,0.0,0.0,0.0
2010,060400,83575.03917,1549.369963,0.0,0.0,0.0,0.0
2010,060502,35610.500960000005,525.1716234,0.0,0.0,1.0,0.0
2010,060700,149594.3412,2000.0,0.0,1.0,1.0,0.0
2010,061000,108991.2996,1856.288444,0.0,0.0,0.0,0.0
2010,061100,28780.996389999997,512.6675371,0.0,1.0,0.0,2.0
2010,061200,60832.37971,1151.512672,1.0,0.0,3.0,0.0
2010,061400,119015.0299,1669.863885,1.0,2.0,0.0,0.0
2010,061500,178319.6376,2000.0,0.0,4.0,6.0,2.0
2010,980200,160730.9351,1989.286452,0.0,0.0,0.0,0.0
2010,980300,0.0,1009.420783,0.0,0.0,0.0,0.0
2010,980401,0.0,0.0,0.0,0.0,0.0,0.0
2010,980501,38928.630769999996,601.3328761,0.0,0.0,0.0,0.0
2010,980600,74340.20309,0.0,0.0,0.0,0.0,0.0
2010,980900,173631.742,2000.0,0.0,1.0,1.0,0.0
2010,990100,0.0,0.0,0.0,0.0,0.0,0.0
2011,010100,80008.97263999999,1542.192142,0.0,3.0,0.0,0.0
2011,010200,147966.2455,1850.187412,0.0,1.0,0.0,0.0
2011,010300,135726.2032,2000.0,0.0,0.0,0.0,1.0
2011,010400,148605.5018,2000.0,0.0,2.0,0.0,0.0
2011,010500,169430.6352,2000.0,0.0,2.0,1.0,0.0
2011,010600,65970.81414,1151.104623,1.0,2.0,2.0,1.0
2011,010700,49725.725510000004,671.3853721,3.0,5.0,1.0,10.0
2011,010800,151898.1707,1603.126458,0.0,1.0,0.0,0.0
2011,010900,165742.4473,1645.226531,1.0,4.0,1.0,0.0
2011,011000,94840.38514,1291.8074980000001,1.0,0.0,3.0,0.0
2011,011100,86522.29706,1344.986538,0.0,4.0,1.0,2.0
2011,011200,196598.47699999998,1656.305497,0.0,1.0,0.0,0.0
2011,011300,49987.189119999995,589.4010198,4.0,2.0,0.0,2.0
2011,011700,55009.28465,964.9779853,0.0,0.0,6.0,0.0
2011,011800,54402.15727999999,730.1038948,0.0,0.0,0.0,1.0
2011,011901,86948.83727999999,1266.325875,0.0,1.0,0.0,1.0
2011,011902,102880.3912,1442.481443,0.0,2.0,1.0,0.0
2011,012000,52636.17002,1135.5940699999999,0.0,1.0,0.0,2.0
2011,012100,54855.28701,1275.189048,1.0,0.0,1.0,1.0
2011,012201,56571.41892999999,1157.7520029999996,0.0,0.0,0.0,5.0
2011,012202,41526.18237,880.7778397,0.0,0.0,0.0,2.0
2011,012301,23127.34265,639.2563692000001,0.0,0.0,1.0,2.0
2011,012302,42248.53099,1134.486173,0.0,4.0,4.0,0.0
2011,012401,35082.655439999995,871.9146663999999,0.0,1.0,1.0,5.0
2011,012402,42129.98605,973.8411586000001,0.0,1.0,1.0,0.0
2011,012501,23819.77805,634.8247826,1.0,1.0,1.0,0.0
2011,012502,18598.261130000006,560.5957068,0.0,0.0,0.0,1.0
2011,012601,141912.6982,1935.4954539999999,0.0,0.0,0.0,0.0
2011,012602,197582.2892,2000.0,0.0,1.0,0.0,0.0
2011,012700,166167.8796,1800.3320620000006,0.0,0.0,1.0,0.0
2011,012800,155358.13199999998,1814.734719,0.0,2.0,5.0,0.0
2011,012901,144557.2475,2000.0,0.0,0.0,0.0,0.0
2011,012902,155440.1163,1789.2530960000001,0.0,1.0,0.0,0.0
2011,013000,150258.4837,2000.0,0.0,1.0,1.0,2.0
2011,013101,164384.166,2000.0,0.0,0.0,0.0,0.0
2011,013102,189337.3223,2000.0,0.0,1.0,0.0,0.0
2011,013200,266851.3117,2000.0,0.0,2.0,1.0,0.0
2011,013300,254635.6432,2000.0,0.0,0.0,1.0,0.0
2011,013400,209061.2064,1788.1451989999994,0.0,2.0,0.0,0.0
2011,013500,152067.6789,1651.873911,0.0,0.0,2.0,1.0
2011,015100,128364.23,1912.2296239999998,0.0,0.0,0.0,1.0
2011,015200,113310.1303,1583.184318,0.0,1.0,0.0,0.0
2011,015300,184611.0352,1603.126458,0.0,1.0,0.0,0.0
2011,015400,138524.7502,1681.78712,0.0,2.0,1.0,0.0
2011,015500,93473.24067,1501.199966,0.0,1.0,0.0,1.0
2011,015600,121182.8439,1494.552586,0.0,0.0,1.0,0.0
2011,015700,124114.3384,1584.292215,0.0,1.0,0.0,1.0
2011,015801,85021.0971,1303.994361,0.0,0.0,0.0,1.0
2011,015802,98627.1759,1721.6714,0.0,2.0,0.0,1.0
2011,015900,68357.22352999999,1730.5345730000001,1.0,2.0,0.0,2.0
2011,016000,82701.16151,1339.447054,0.0,1.0,0.0,0.0
2011,016100,42645.15799,572.7825699,0.0,0.0,0.0,1.0
2011,016200,68491.27902999999,1411.460337,0.0,1.0,1.0,1.0
2011,016300,97892.64042000001,1359.3891939999999,0.0,1.0,0.0,3.0
2011,016400,110285.5724,1750.4767129999998,0.0,5.0,2.0,0.0
2011,016500,117922.304,1684.0029140000001,0.0,0.0,0.0,0.0
2011,016600,111279.3557,1832.461065,0.0,1.0,2.0,0.0
2011,016700,128429.5959,1793.684682,0.0,1.0,0.0,2.0
2011,016801,116575.1017,1742.721436,0.0,1.0,0.0,1.0
2011,016802,117271.9687,1520.034209,0.0,1.0,0.0,0.0
2011,016900,115477.1761,1633.039668,0.0,2.0,0.0,2.0
2011,017000,161231.0921,1969.84025,0.0,0.0,0.0,0.0
2011,017101,197242.1649,1942.142834,0.0,0.0,0.0,0.0
2011,017102,148258.7302,2000.0,0.0,0.0,1.0,1.0
2011,017601,55229.75607999999,825.383007,2.0,2.0,4.0,2.0
2011,017700,121181.73599999999,1669.600257,0.0,3.0,0.0,1.0
2011,017801,78204.20899,340.1242727,0.0,1.0,0.0,0.0
2011,017802,123801.9116,1635.255461,0.0,1.0,2.0,1.0
2011,017902,64805.306860000004,1942.142834,0.0,0.0,0.0,0.0
2011,018000,147269.3785,1762.6635760000001,0.0,2.0,1.0,0.0
2011,020100,68908.95606,920.6621192,0.0,2.0,0.0,4.0
2011,020200,82503.9559,1400.3813699999994,1.0,2.0,1.0,4.0
2011,020300,130686.3814,1843.540032,0.0,4.0,1.0,0.0
2011,020401,155745.8958,2000.0,0.0,0.0,0.0,0.0
2011,020402,122733.8992,1743.829333,0.0,0.0,0.0,0.0
2011,020500,144212.6916,1799.224166,0.0,2.0,1.0,0.0
2011,020600,180794.3312,1845.755825,0.0,2.0,2.0,0.0
2011,020700,140773.7804,1600.910665,0.0,0.0,0.0,2.0
2011,020800,91773.7272,1210.931042,1.0,0.0,0.0,3.0
2011,020900,87674.50958,1136.701967,0.0,3.0,0.0,4.0
2011,021000,136043.0617,1662.952877,0.0,0.0,0.0,2.0
2011,021100,196271.6475,1997.5376670000005,0.0,1.0,0.0,0.0
2011,021200,201843.2597,1987.5665969999998,0.0,0.0,0.0,0.0
2011,021300,201047.7899,1907.798038,0.0,1.0,0.0,0.0
2011,021400,163771.4991,1877.8848280000002,0.0,1.0,2.0,0.0
2011,021500,138288.7682,1816.9505120000001,0.0,2.0,0.0,0.0
2011,021600,141149.3574,1813.626822,0.0,0.0,0.0,0.0
2011,021700,144608.2107,1444.697236,0.0,1.0,0.0,0.0
2011,021800,147359.1181,2000.0,0.0,2.0,0.0,0.0
2011,022600,190233.6107,2000.0,0.0,0.0,2.0,0.0
2011,022702,210131.4346,2000.0,0.0,2.0,0.0,1.0
2011,022704,181383.7322,2000.0,0.0,1.0,0.0,0.0
2011,022801,142245.0672,1609.773838,0.0,0.0,1.0,0.0
2011,022802,109888.9454,1369.3602640000001,0.0,0.0,0.0,1.0
2011,022803,90659.18317,1658.521291,0.0,0.0,0.0,0.0
2011,022901,92034.08292,1486.797309,0.0,0.0,1.0,3.0
2011,022902,84853.8047,1614.205424,0.0,0.0,0.0,1.0
2011,022903,95003.24595,1736.074056,0.0,1.0,2.0,0.0
2011,023001,71735.20043,1085.7387210000004,0.0,1.0,0.0,0.0
2011,023003,105011.9843,1220.902112,0.0,0.0,0.0,0.0
2011,023102,55290.6904,631.5010926,0.0,0.0,0.0,0.0
2011,023103,34532.0308,475.2876643999999,0.0,0.0,1.0,0.0
2011,023200,65412.43422999999,1317.289121,2.0,1.0,1.0,0.0
2011,023300,105688.9092,1789.2530960000001,0.0,0.0,0.0,0.0
2011,023400,60141.06195,767.772381,0.0,0.0,1.0,0.0
2011,025100,127486.7758,2000.0,0.0,1.0,0.0,0.0
2011,025200,152504.1902,1635.255461,0.0,4.0,2.0,0.0
2011,025300,135561.1266,1512.278932,0.0,1.0,0.0,0.0
2011,025401,105118.3424,1618.637011,0.0,1.0,0.0,1.0
2011,025402,111387.9296,1554.379005,0.0,0.0,0.0,0.0
2011,025403,104612.0336,1156.644106,0.0,0.0,0.0,0.0
2011,025500,112465.913,1494.552586,0.0,1.0,0.0,6.0
2011,025600,90404.36693999999,2000.0,0.0,0.0,0.0,2.0
2011,025701,137436.7957,1648.5502210000002,0.0,0.0,1.0,0.0
2011,025702,79801.79596,1490.120999,0.0,1.0,1.0,2.0
2011,025800,74194.731,1162.18359,0.0,0.0,0.0,0.0
2011,025900,108365.5875,1982.0271129999999,0.0,0.0,0.0,0.0
2011,026001,102909.1965,1498.9841720000006,0.0,0.0,0.0,0.0
2011,026002,92285.57546000001,1815.8426149999998,0.0,1.0,1.0,0.0
2011,026003,83063.44371,1565.4579720000006,0.0,0.0,0.0,0.0
2011,026004,95375.49922,1366.036574,0.0,1.0,1.0,0.0
2011,026100,91403.68972000001,1361.604987,0.0,0.0,3.0,0.0
2011,026200,104966.5606,1360.497091,0.0,0.0,2.0,1.0
2011,026301,89468.19427,1564.350075,0.0,1.0,0.0,0.0
2011,026302,81598.80434,1577.644835,0.0,0.0,0.0,1.0
2011,026303,101341.5227,1450.2367199999999,0.0,0.0,0.0,0.0
2011,026401,75582.92551,1145.56514,0.0,0.0,0.0,0.0
2011,026402,91664.04543,1661.844981,0.0,0.0,0.0,0.0
2011,026403,61235.66384,1513.3868289999998,0.0,0.0,0.0,0.0
2011,026404,62359.07105,873.0225631000003,0.0,0.0,1.0,0.0
2011,030101,155507.698,1908.905934,0.0,1.0,0.0,1.0
2011,030102,150331.6048,1767.095163,0.0,0.0,1.0,0.0
2011,030201,106875.4665,1634.147564,0.0,0.0,0.0,2.0
2011,030202,104069.1643,1692.866087,0.0,1.0,3.0,4.0
2011,030301,138793.9691,1762.6635760000001,0.0,0.0,0.0,0.0
2011,030302,151375.2435,2000.0,0.0,0.0,0.0,0.0
2011,030400,154356.5934,1526.681589,0.0,1.0,2.0,0.0
2011,030500,151317.6329,2000.0,0.0,0.0,0.0,0.0
2011,030600,171682.9891,2000.0,0.0,1.0,0.0,1.0
2011,030700,164097.2208,2000.0,0.0,0.0,0.0,0.0
2011,030800,197526.8944,1999.7534600000001,0.0,1.0,0.0,1.0
2011,030900,212234.2225,2000.0,0.0,0.0,1.0,0.0
2011,031000,127692.8446,1268.541668,0.0,0.0,0.0,0.0
2011,031100,133138.1567,2000.0,0.0,1.0,0.0,1.0
2011,031201,90814.2887,1209.8231460000004,0.0,0.0,2.0,3.0
2011,031202,93308.16407,1830.2452719999999,0.0,1.0,0.0,0.0
2011,031301,149310.1241,1989.7823899999999,0.0,0.0,0.0,0.0
2011,031302,86634.19463,1313.965431,0.0,0.0,1.0,0.0
2011,031400,84938.00485,1229.7652859999996,0.0,1.0,0.0,0.0
2011,032601,95959.36076,1553.271108,0.0,0.0,0.0,4.0
2011,032602,85435.45045,1569.889558,0.0,0.0,0.0,0.0
2011,032700,115823.9478,1627.500184,0.0,0.0,0.0,0.0
2011,032801,99369.46666,1843.540032,0.0,0.0,1.0,0.0
2011,032802,86933.32672000001,1747.153023,0.0,0.0,0.0,0.0
2011,032901,103945.0798,1993.10608,0.0,0.0,1.0,0.0
2011,032902,123971.4198,2000.0,0.0,1.0,1.0,0.0
2011,033000,127114.5226,2000.0,0.0,0.0,0.0,1.0
2011,033100,138570.174,2000.0,0.0,1.0,0.0,0.0
2011,033201,56653.40328,1780.3899219999994,0.0,1.0,0.0,0.0
2011,033203,80688.11329,2000.0,0.0,0.0,0.0,0.0
2011,033204,59381.044839999995,1885.6401050000002,0.0,0.0,0.0,0.0
2011,035100,124681.5815,1883.424311,0.0,0.0,0.0,1.0
2011,035201,87776.43608,1652.9818070000001,0.0,0.0,1.0,1.0
2011,035202,92023.00395,1546.623729,0.0,1.0,0.0,1.0
2011,035300,98025.58802000001,1748.260919,0.0,0.0,1.0,1.0
2011,035400,104625.3284,1491.228896,0.0,0.0,1.0,2.0
2011,040100,105273.4479,1388.194507,0.0,1.0,0.0,3.0
2011,040200,126387.7424,1651.873911,0.0,1.0,1.0,4.0
2011,042601,116513.0595,1555.4869019999999,0.0,1.0,2.0,1.0
2011,042602,108660.288,1730.5345730000001,0.0,0.0,0.0,0.0
2011,042700,106580.766,1551.055315,0.0,1.0,1.0,0.0
2011,042800,316241.3445,2000.0,0.0,0.0,0.0,0.0
2011,045100,110344.2909,1733.8582629999999,0.0,0.0,0.0,0.0
2011,045200,114902.1777,1425.862993,0.0,3.0,0.0,1.0
2011,047600,99509.06164,1829.137375,0.0,1.0,0.0,2.0
2011,047701,86702.88422,1342.770744,0.0,1.0,1.0,2.0
2011,047702,107010.6299,1619.744908,0.0,0.0,0.0,0.0
2011,047801,98704.72867000001,1845.755825,0.0,0.0,0.0,1.0
2011,047802,105008.6606,1587.615905,0.0,0.0,0.0,0.0
2011,047901,112470.3446,1480.149929,0.0,2.0,0.0,0.0
2011,047902,119201.9247,1679.5713269999999,0.0,0.0,0.0,0.0
2011,060100,211997.1326,2000.0,0.0,0.0,0.0,0.0
2011,060400,77857.43734,1615.313321,0.0,0.0,0.0,0.0
2011,060502,36418.7788,419.8928317,0.0,0.0,1.0,0.0
2011,060700,143537.9826,2000.0,0.0,1.0,1.0,0.0
2011,061000,114016.9683,1996.42977,0.0,0.0,0.0,0.0
2011,061100,28429.73603,542.8693602999998,0.0,1.0,0.0,2.0
2011,061200,66296.53576,1190.988903,1.0,0.0,4.0,0.0
2011,061400,118594.7973,1741.6135399999994,1.0,2.0,0.0,0.0
2011,061500,186310.5487,2000.0,0.0,5.0,6.0,2.0
2011,980200,102824.9963,2000.0,0.0,0.0,0.0,0.0
2011,980300,0.0,992.6754017000001,0.0,1.0,0.0,0.0
2011,980401,0.0,0.0,0.0,0.0,0.0,0.0
2011,980501,44952.90672,547.3009469,0.0,0.0,0.0,0.0
2011,980600,77946.06907,2000.0,0.0,0.0,0.0,0.0
2011,980900,153460.305,2000.0,0.0,1.0,1.0,0.0
2011,990100,0.0,0.0,0.0,0.0,0.0,0.0
2012,010100,76247.71999,1511.618494,0.0,4.0,2.0,0.0
2012,010200,149079.4627,1918.3852120000001,1.0,1.0,0.0,1.0
2012,010300,125153.5954,2000.0,0.0,0.0,0.0,1.0
2012,010400,137672.7313,2000.0,0.0,2.0,0.0,0.0
2012,010500,167086.173,2000.0,0.0,2.0,1.0,0.0
2012,010600,68227.83401,1367.038281,1.0,2.0,2.0,1.0
2012,010700,49043.981889999995,608.531642,3.0,5.0,1.0,10.0
2012,010800,125634.8101,1418.828208,0.0,1.0,0.0,0.0
2012,010900,165013.4969,1811.568487,1.0,4.0,1.0,0.0
2012,011000,96062.76183999999,1397.249072,1.0,0.0,3.0,0.0
2012,011100,83100.1747,1406.959683,0.0,4.0,1.0,2.0
2012,011200,209417.9645,1542.908241,0.0,1.0,0.0,0.0
2012,011300,53083.59619,621.4791237000002,4.0,2.0,0.0,2.0
2012,011700,77566.20522,1022.851058,0.0,0.0,7.0,0.0
2012,011800,50452.02053,711.0325391,0.0,0.0,0.0,1.0
2012,011901,97311.11488,1464.144394,0.0,1.0,0.0,1.0
2012,011902,93617.84571000001,1451.1969119999999,0.0,3.0,1.0,0.0
2012,012000,56624.73245,1095.1411640000001,0.0,1.0,0.0,2.0
2012,012100,57956.165160000004,1307.695656,1.0,0.0,1.0,1.0
2012,012201,48198.07975,1206.273716,0.0,0.0,0.0,7.0
2012,012202,41961.70938,862.0864928,0.0,0.0,1.0,2.0
2012,012301,20407.38914,582.6366785,0.0,0.0,1.0,2.0
2012,012302,42018.894089999994,1241.879291,0.0,4.0,4.0,0.0
2012,012401,28836.199760000003,794.1122136,1.0,1.0,1.0,5.0
2012,012402,46960.51629,945.1661673000001,0.0,1.0,2.0,0.0
2012,012501,22238.37885,592.3472897999999,1.0,1.0,1.0,0.0
2012,012502,19116.9568,458.5566451,0.0,0.0,0.0,1.0
2012,012601,141067.1294,1901.1219030000002,0.0,0.0,0.0,0.0
2012,012602,192306.7884,2000.0,0.0,1.0,0.0,0.0
2012,012700,171029.7601,1864.437371,0.0,0.0,1.0,0.0
2012,012800,159775.1616,1860.121544,0.0,2.0,6.0,0.0
2012,012901,160622.1427,1976.64888,0.0,0.0,0.0,0.0
2012,012902,132556.3181,1778.120826,0.0,1.0,1.0,0.0
2012,013000,146028.1729,2000.0,0.0,1.0,1.0,2.0
2012,013101,170860.3639,2000.0,0.0,0.0,0.0,0.0
2012,013102,173138.0417,2000.0,0.0,1.0,0.0,0.0
2012,013200,282119.1535,2000.0,0.0,2.0,1.0,0.0
2012,013300,263144.619,2000.0,0.0,0.0,1.0,0.0
2012,013400,201040.9438,1841.7792780000002,0.0,2.0,0.0,0.0
2012,013500,147180.4987,1724.172986,0.0,0.0,2.0,1.0
2012,015100,114926.1638,1834.22658,0.0,0.0,0.0,1.0
2012,015200,123640.898,1586.066514,0.0,2.0,0.0,0.0
2012,015300,150872.6889,1640.014354,0.0,2.0,0.0,0.0
2012,015400,146872.99599999998,1794.305178,0.0,2.0,1.0,1.0
2012,015500,91316.43083,1640.014354,0.0,1.0,0.0,1.0
2012,015600,122294.3599,1371.354108,0.0,0.0,1.0,0.0
2012,015700,122907.2073,1578.513816,0.0,1.0,0.0,1.0
2012,015801,81279.97456,1281.800693,0.0,0.0,0.0,1.0
2012,015802,92471.99357,1682.09367,0.0,2.0,0.0,1.0
2012,015900,65745.15437999999,1765.173344,1.0,2.0,0.0,2.0
2012,016000,82178.74558999999,1362.722454,0.0,1.0,0.0,0.0
2012,016100,44100.20178,571.8471103999998,0.0,0.0,0.0,1.0
2012,016200,72887.84848,1422.0650779999999,0.0,1.0,1.0,1.0
2012,016300,102414.5806,1540.7503279999999,0.0,1.0,0.0,3.0
2012,016400,110369.7292,1751.146906,0.0,5.0,2.0,0.0
2012,016500,111882.4266,1634.6195699999994,0.0,0.0,0.0,1.0
2012,016600,108869.9792,1848.2530190000002,0.0,1.0,2.0,0.0
2012,016700,139779.934,1840.700321,0.0,1.0,0.0,2.0
2012,016801,114840.9262,1826.673883,0.0,1.0,0.0,1.0
2012,016802,133511.1949,1420.9861210000001,0.0,1.0,0.0,0.0
2012,016900,116436.7033,1754.3837760000001,0.0,2.0,0.0,2.0
2012,017000,161556.5193,1959.385571,0.0,0.0,0.0,0.0
2012,017101,189390.3682,2000.0,0.0,0.0,0.0,0.0
2012,017102,162504.9223,2000.0,0.0,0.0,1.0,1.0
2012,017601,57645.4256,810.2965657999997,2.0,2.0,4.0,2.0
2012,017700,122369.8868,1618.435218,0.0,3.0,0.0,1.0
2012,017801,71563.96847,313.97643230000006,0.0,1.0,0.0,0.0
2012,017802,109267.0353,1469.539178,1.0,1.0,3.0,1.0
2012,017902,71760.33861,1729.5677699999999,0.0,0.0,0.0,0.0
2012,018000,157124.1647,2000.0,0.0,2.0,1.0,0.0
2012,020100,76723.53995,899.8499812000001,0.0,2.0,0.0,4.0
2012,020200,82848.77777,1431.77569,1.0,2.0,1.0,4.0
2012,020300,131892.7597,1826.673883,0.0,4.0,1.0,0.0
2012,020401,173843.6795,2000.0,0.0,0.0,0.0,0.0
2012,020402,117019.34,1819.1211850000002,0.0,0.0,0.0,0.0
2012,020500,143995.4182,1751.146906,0.0,2.0,1.0,0.0
2012,020600,181918.5922,1837.463451,0.0,2.0,2.0,0.0
2012,020700,152143.7001,1766.2523010000002,0.0,1.0,0.0,2.0
2012,020800,92246.4916,1177.1418820000001,1.0,0.0,0.0,4.0
2012,020900,87391.18595,1203.0368449999999,0.0,3.0,0.0,4.0
2012,021000,128470.3087,1702.5938489999999,0.0,0.0,0.0,2.0
2012,021100,173926.7591,2000.0,0.0,1.0,0.0,0.0
2012,021200,176583.1508,1914.0693850000002,0.0,0.0,0.0,0.0
2012,021300,185954.9697,1890.332335,0.0,1.0,0.0,0.0
2012,021400,173624.6512,1978.806793,0.0,2.0,2.0,0.0
2012,021500,138013.6817,1881.7006800000001,0.0,2.0,0.0,0.0
2012,021600,129797.4255,1881.7006800000001,0.0,0.0,0.0,0.0
2012,021700,129582.7131,1050.903935,0.0,1.0,0.0,0.0
2012,021800,157470.5098,2000.0,0.0,2.0,0.0,0.0
2012,022600,185356.1487,2000.0,0.0,0.0,2.0,1.0
2012,022702,200422.7016,2000.0,0.0,3.0,1.0,1.0
2012,022704,187488.1673,2000.0,0.0,1.0,0.0,0.0
2012,022801,137055.568,1669.1461880000006,0.0,0.0,1.0,0.0
2012,022802,101943.0765,1306.616699,0.0,0.0,0.0,2.0
2012,022803,92634.91605,1559.092593,0.0,0.0,0.0,0.0
2012,022901,89421.78267,1625.987916,0.0,0.0,1.0,3.0
2012,022902,95716.41671,1540.7503279999999,0.0,1.0,0.0,1.0
2012,022903,89436.88806,1731.725683,0.0,2.0,2.0,0.0
2012,023001,69125.52608,1072.483071,0.0,1.0,0.0,0.0
2012,023003,108755.6098,1348.696015,0.0,0.0,0.0,0.0
2012,023102,49096.85077,597.7420739,0.0,0.0,0.0,0.0
2012,023103,34027.06098,471.50412689999996,0.0,0.0,1.0,0.0
2012,023200,60808.92697000001,1184.69458,1.0,1.0,1.0,0.0
2012,023300,100820.9614,1623.830002,0.0,0.0,0.0,0.0
2012,023400,68579.57393,717.50628,0.0,1.0,1.0,0.0
2012,025100,121491.616,2000.0,0.0,1.0,0.0,1.0
2012,025200,149731.1526,1818.042228,0.0,4.0,2.0,1.0
2012,025300,132909.137,1588.2244269999999,0.0,1.0,0.0,0.0
2012,025401,105150.8151,1412.3544669999999,0.0,1.0,0.0,1.0
2012,025402,117258.8684,1513.776407,0.0,0.0,0.0,0.0
2012,025403,112564.3273,1441.486301,0.0,0.0,0.0,0.0
2012,025500,114280.9476,1879.5427670000001,0.0,1.0,0.0,6.0
2012,025600,93410.686,2000.0,0.0,0.0,0.0,2.0
2012,025701,121845.5138,1756.5416899999998,0.0,0.0,1.0,0.0
2012,025702,85990.7,1072.483071,0.0,1.0,1.0,3.0
2012,025800,72394.76522,1095.1411640000001,0.0,0.0,0.0,0.0
2012,025900,110427.9928,2000.0,0.0,0.0,0.0,0.0
2012,026001,100518.8535,1468.460221,0.0,0.0,0.0,0.0
2012,026002,86674.75862000001,1767.331258,0.0,1.0,1.0,0.0
2012,026003,82435.53731,1756.5416899999998,0.0,0.0,0.0,0.0
2012,026004,92559.38908,1410.196553,0.0,1.0,2.0,0.0
2012,026100,87199.13162999999,1341.143317,0.0,0.0,3.0,0.0
2012,026200,100473.5373,1266.695297,0.0,0.0,2.0,1.0
2012,026301,84964.61207999999,1651.882879,0.0,1.0,0.0,0.0
2012,026302,84073.39375,1508.381623,0.0,0.0,0.0,1.0
2012,026303,97892.6726,1176.062925,0.0,0.0,0.0,0.0
2012,026401,68668.04839,1194.405191,0.0,0.0,0.0,0.0
2012,026402,91799.80348,1501.907882,0.0,0.0,0.0,0.0
2012,026403,60912.50682,1232.1686789999999,0.0,0.0,0.0,0.0
2012,026404,58552.82827000001,932.2186856000001,0.0,0.0,1.0,0.0
2012,030101,132431.1591,1902.2008600000001,0.0,1.0,0.0,2.0
2012,030102,153796.6619,1856.884673,0.0,0.0,1.0,0.0
2012,030201,106606.3278,1731.725683,0.0,0.0,0.0,2.0
2012,030202,92504.36228,1740.3573379999998,0.0,1.0,3.0,3.0
2012,030301,133455.0891,1781.357697,0.0,0.0,0.0,0.0
2012,030302,153353.2106,2000.0,0.0,0.0,0.0,0.0
2012,030400,179695.9412,1822.3580550000001,0.0,1.0,2.0,0.0
2012,030500,144897.4261,2000.0,0.0,0.0,0.0,0.0
2012,030600,203486.9389,2000.0,0.0,1.0,0.0,1.0
2012,030700,155062.2782,1902.2008600000001,0.0,0.0,0.0,0.0
2012,030800,188720.336,1594.698168,0.0,1.0,0.0,2.0
2012,030900,187504.3517,2000.0,0.0,0.0,1.0,0.0
2012,031000,124285.0352,1238.64242,0.0,0.0,0.0,0.0
2012,031100,127918.9617,2000.0,0.0,1.0,1.0,1.0
2012,031201,90972.24361,1337.906447,0.0,1.0,2.0,3.0
2012,031202,95711.02192,1722.015072,0.0,1.0,0.0,0.0
2012,031301,140252.517,1957.2276570000001,0.0,0.0,0.0,0.0
2012,031302,82080.56052,1777.0418690000001,0.0,0.0,1.0,0.0
2012,031400,80461.04634,1140.45735,0.0,1.0,0.0,0.0
2012,032601,97151.42927000001,1559.092593,0.0,0.0,0.0,4.0
2012,032602,88335.27316,1610.8825199999999,0.0,0.0,0.0,0.0
2012,032700,116899.5758,1685.33054,0.0,0.0,0.0,0.0
2012,032801,92804.31227000001,1590.382341,0.0,0.0,1.0,0.0
2012,032802,88504.66937999998,1866.595285,0.0,0.0,0.0,0.0
2012,032901,96529.95014,2000.0,0.0,0.0,1.0,0.0
2012,032902,121283.3773,2000.0,0.0,1.0,1.0,0.0
2012,033000,124777.0395,2000.0,0.0,0.0,0.0,1.0
2012,033100,131496.7825,2000.0,0.0,1.0,0.0,0.0
2012,033201,48548.74071000001,1602.250866,0.0,1.0,0.0,0.0
2012,033203,70658.72371,2000.0,0.0,0.0,0.0,0.0
2012,033204,58207.56209,1952.91183,0.0,0.0,0.0,0.0
2012,035100,115955.4886,1693.9621949999994,0.0,0.0,0.0,1.0
2012,035201,84200.71065,1743.5942079999998,0.0,0.0,1.0,1.0
2012,035202,88387.06307999998,1624.908959,0.0,1.0,0.0,1.0
2012,035300,105878.03199999999,1846.095105,0.0,0.0,1.0,1.0
2012,035400,100207.035,1330.353749,0.0,0.0,1.0,2.0
2012,040100,125126.6215,1579.592773,0.0,1.0,0.0,3.0
2012,040200,128212.43800000001,1607.64565,0.0,1.0,1.0,4.0
2012,042601,108901.269,1567.724248,0.0,1.0,2.0,1.0
2012,042602,109039.3754,1765.173344,0.0,0.0,0.0,0.0
2012,042700,101657.1529,1627.066873,0.0,1.0,1.0,0.0
2012,042800,285060.3897,2000.0,0.0,0.0,0.0,0.0
2012,045100,109390.0364,1747.910035,0.0,3.0,0.0,0.0
2012,045200,115171.087,1675.619929,0.0,3.0,0.0,1.0
2012,047600,100846.8563,1778.120826,0.0,1.0,0.0,2.0
2012,047701,85982.06835,1458.74961,0.0,1.0,1.0,2.0
2012,047702,100623.5123,1737.1204670000006,0.0,0.0,0.0,0.0
2012,047801,84351.76461,1670.2251449999999,0.0,0.0,0.0,1.0
2012,047802,96620.58252000001,1577.434859,0.0,0.0,0.0,0.0
2012,047901,113104.8847,1449.038999,0.0,2.0,0.0,0.0
2012,047902,106124.0341,1604.4087789999999,0.0,0.0,0.0,0.0
2012,060100,212100.2511,2000.0,0.0,0.0,0.0,0.0
2012,060400,76725.69786,1534.2765869999994,0.0,0.0,0.0,0.0
2012,060502,36598.21506,428.34585439999995,0.0,0.0,1.0,0.0
2012,060700,141276.4471,2000.0,0.0,1.0,1.0,0.0
2012,061000,117066.8141,2000.0,0.0,0.0,0.0,0.0
2012,061100,32934.077730000005,544.8731901000001,0.0,1.0,0.0,2.0
2012,061200,59462.38887,1142.615264,1.0,0.0,4.0,0.0
2012,061400,137501.1772,2000.0,1.0,2.0,0.0,0.0
2012,061500,195279.3145,2000.0,1.0,5.0,7.0,2.0
2012,980200,109036.1386,2000.0,0.0,0.0,0.0,0.0
2012,980300,118233.1664,1517.013278,0.0,1.0,0.0,0.0
2012,980401,0.0,0.0,0.0,0.0,0.0,0.0
2012,980501,42396.52897,512.5044857,0.0,0.0,0.0,0.0
2012,980600,84407.87036,1308.774613,0.0,0.0,0.0,0.0
2012,980900,159396.4478,2000.0,0.0,1.0,2.0,0.0
2012,990100,0.0,0.0,0.0,0.0,0.0,0.0
2013,010100,91055.23337999999,1592.4429460000001,0.0,4.0,3.0,0.0
2013,010200,146789.6812,2000.0,1.0,2.0,0.0,1.0
2013,010300,147420.7487,2000.0,0.0,0.0,0.0,1.0
2013,010400,134072.2989,2000.0,0.0,2.0,0.0,0.0
2013,010500,169468.0105,2000.0,0.0,2.0,1.0,0.0
2013,010600,67441.91107,1232.58672,1.0,2.0,2.0,1.0
2013,010700,49434.32563,606.7956886,2.0,5.0,1.0,10.0
2013,010800,118885.5219,1535.456916,0.0,1.0,0.0,0.0
2013,010900,153981.5292,1823.5529559999998,1.0,4.0,1.0,0.0
2013,011000,104154.6332,1627.267742,1.0,0.0,3.0,0.0
2013,011100,83150.00468,1362.388233,0.0,4.0,2.0,2.0
2013,011200,213871.736,1554.45226,0.0,1.0,0.0,0.0
2013,011300,59547.23534,690.1641397000003,4.0,2.0,0.0,2.0
2013,011700,74456.46923,1003.5873039999999,0.0,0.0,8.0,0.0
2013,011800,39789.96772,703.8829987,0.0,0.0,0.0,1.0
2013,011901,91204.03022999999,1390.8812480000001,0.0,1.0,0.0,1.0
2013,011902,103726.1827,1407.765997,1.0,3.0,1.0,0.0
2013,012000,52705.74586,1174.545394,0.0,2.0,0.0,2.0
2013,012100,65379.86102999999,1456.309653,1.0,0.0,2.0,1.0
2013,012201,49920.81747,1255.803251,0.0,0.0,0.0,7.0
2013,012202,37844.00033,952.9330553,0.0,0.0,1.0,2.0
2013,012301,23039.24082,738.7077948,0.0,0.0,1.0,2.0
2013,012302,41252.60915,1133.388817,0.0,4.0,4.0,1.0
2013,012401,26906.90378,802.0256057999999,2.0,1.0,1.0,6.0
2013,012402,49902.87743,997.255523,0.0,1.0,2.0,0.0
2013,012501,19756.21232,568.805002,1.0,1.0,3.0,0.0
2013,012502,20078.077859999998,414.7316619,0.0,0.0,0.0,2.0
2013,012601,139152.4979,1872.096611,0.0,0.0,0.0,0.0
2013,012602,201259.8834,2000.0,0.0,1.0,0.0,0.0
2013,012700,161467.8051,1852.045971,0.0,0.0,1.0,0.0
2013,012800,183104.5564,1929.082641,0.0,2.0,7.0,0.0
2013,012901,172966.3196,1914.3084850000002,0.0,0.0,0.0,0.0
2013,012902,136459.3803,1841.493003,0.0,1.0,1.0,0.0
2013,013000,159762.4454,1994.511046,0.0,1.0,1.0,2.0
2013,013101,169129.2602,2000.0,0.0,1.0,0.0,0.0
2013,013102,142754.226,2000.0,0.0,1.0,0.0,0.0
2013,013200,256364.319,2000.0,0.0,2.0,1.0,0.0
2013,013300,268252.238,2000.0,0.0,1.0,1.0,0.0
2013,013400,184460.6128,1976.5709989999998,0.0,2.0,0.0,0.0
2013,013500,146728.47400000002,1739.1292079999994,0.0,0.0,2.0,1.0
2013,015100,106554.3782,1868.9307210000002,0.0,0.0,0.0,1.0
2013,015200,109177.8462,1536.512213,0.0,2.0,0.0,0.0
2013,015300,158618.5036,1817.221175,0.0,2.0,0.0,0.0
2013,015400,144889.0916,1901.644923,0.0,2.0,1.0,1.0
2013,015500,101174.4749,1495.355636,0.0,1.0,0.0,1.0
2013,015600,111655.6832,1585.055868,0.0,0.0,1.0,0.0
2013,015700,119812.0725,1653.650163,0.0,2.0,0.0,1.0
2013,015801,93647.04244,1252.6373609999996,0.0,0.0,0.0,1.0
2013,015802,112566.4044,1503.7980109999999,0.0,2.0,0.0,1.0
2013,015900,67570.65729,1778.1751920000006,1.0,2.0,0.0,2.0
2013,016000,80778.75266,1295.9045310000001,0.0,1.0,0.0,0.0
2013,016100,37100.01605,632.122813,0.0,0.0,0.0,1.0
2013,016200,82012.39467000001,1333.8952179999999,0.0,1.0,1.0,1.0
2013,016300,124636.8897,1651.53957,0.0,1.0,0.0,3.0
2013,016400,104523.9871,1687.419663,0.0,5.0,2.0,1.0
2013,016500,111760.1576,1653.650163,0.0,0.0,0.0,2.0
2013,016600,103333.6122,1824.608253,0.0,1.0,2.0,0.0
2013,016700,149822.6043,1888.9813609999999,0.0,1.0,0.0,2.0
2013,016801,109215.8369,1863.6542370000002,0.0,1.0,0.0,1.0
2013,016802,128741.9945,1453.143762,0.0,1.0,0.0,0.0
2013,016900,123904.5137,1725.4103489999998,0.0,2.0,0.0,2.0
2013,017000,147599.0939,1961.7968440000002,0.0,0.0,0.0,0.0
2013,017101,189749.7607,2000.0,0.0,0.0,0.0,0.0
2013,017102,154990.393,2000.0,0.0,0.0,1.0,1.0
2013,017601,67098.93959,785.1408562,2.0,2.0,4.0,2.0
2013,017700,118753.6098,1699.0279280000002,0.0,3.0,0.0,1.0
2013,017801,62416.58747000001,304.9807896000001,0.0,1.0,0.0,0.0
2013,017802,118466.569,1584.000571,1.0,1.0,3.0,1.0
2013,017902,60082.27084,1669.479616,0.0,0.0,0.0,0.0
2013,018000,149940.7976,2000.0,0.0,2.0,1.0,0.0
2013,020100,66333.84938,862.1775262,0.0,3.0,0.0,4.0
2013,020200,83805.34402,1406.710701,1.0,2.0,1.0,4.0
2013,020300,126073.1487,1854.1565649999998,0.0,6.0,2.0,0.0
2013,020401,168608.9989,2000.0,0.0,0.0,0.0,0.0
2013,020402,119480.7093,1784.506973,0.0,0.0,0.0,0.0
2013,020500,151084.7394,1802.4470190000002,0.0,2.0,1.0,0.0
2013,020600,179814.1408,1845.71419,0.0,3.0,2.0,0.0
2013,020700,174404.6892,1933.303829,0.0,1.0,0.0,2.0
2013,020800,100361.8963,1134.444113,1.0,0.0,0.0,4.0
2013,020900,90765.02674,1196.706628,0.0,3.0,0.0,4.0
2013,021000,150850.4635,1830.940034,0.0,0.0,0.0,2.0
2013,021100,173207.9825,1928.027344,0.0,1.0,1.0,0.0
2013,021200,156774.9,1988.1792649999998,0.0,0.0,0.0,0.0
2013,021300,180076.9097,1862.5989399999999,0.0,1.0,0.0,0.0
2013,021400,178356.7759,1951.243875,0.0,2.0,2.0,0.0
2013,021500,134729.7488,1693.7514440000002,0.0,2.0,0.0,0.0
2013,021600,132585.3856,1935.4144219999998,0.0,0.0,0.0,0.0
2013,021700,124526.0836,1367.6647169999999,0.0,1.0,0.0,0.0
2013,021800,149994.6177,2000.0,0.0,2.0,0.0,0.0
2013,022600,188812.657,2000.0,0.0,0.0,2.0,1.0
2013,022702,202665.5388,2000.0,0.0,3.0,1.0,1.0
2013,022704,183531.9516,2000.0,0.0,1.0,0.0,0.0
2013,022801,133120.4211,1820.387066,0.0,0.0,1.0,1.0
2013,022802,114992.5318,1331.7846240000001,0.0,0.0,0.0,1.0
2013,022803,98516.18211000001,1620.935961,0.0,0.0,0.0,0.0
2013,022901,90841.00812,1663.147835,0.0,0.0,2.0,3.0
2013,022902,117149.5586,1503.7980109999999,0.0,1.0,0.0,1.0
2013,022903,86151.26892,1754.958661,0.0,3.0,2.0,0.0
2013,023001,69741.40291,1025.748538,0.0,1.0,0.0,0.0
2013,023003,112231.8753,1746.516286,0.0,0.0,0.0,0.0
2013,023102,56278.98099,729.2101231,0.0,0.0,0.0,0.0
2013,023103,29655.95207,456.94353590000003,0.0,0.0,1.0,0.0
2013,023200,66774.96346,1074.292193,1.0,1.0,1.0,1.0
2013,023300,89479.67517999998,1256.8585480000004,0.0,0.0,0.0,0.0
2013,023400,63426.50656,776.6984813999999,0.0,1.0,1.0,0.0
2013,025100,120510.679,2000.0,0.0,1.0,0.0,1.0
2013,025200,163916.0938,1783.4516760000001,0.0,5.0,2.0,1.0
2013,025300,143022.2714,1514.3509789999994,0.0,1.0,0.0,2.0
2013,025401,112092.5761,1444.7013869999994,0.0,1.0,0.0,1.0
2013,025402,122161.1633,1548.1204779999994,0.0,0.0,0.0,0.0
2013,025403,105698.5325,1455.2543560000001,0.0,0.0,0.0,1.0
2013,025500,116152.3031,1944.912094,0.0,1.0,0.0,6.0
2013,025600,90394.61755,2000.0,0.0,0.0,0.0,2.0
2013,025701,129794.1254,1543.899291,0.0,0.0,1.0,0.0
2013,025702,79637.97676,1151.3288630000004,0.0,1.0,1.0,4.0
2013,025800,63641.78711000001,1108.061692,0.0,0.0,0.0,0.0
2013,025900,105859.9929,1936.4697190000002,0.0,0.0,0.0,0.0
2013,026001,87716.27415,1475.304996,0.0,0.0,0.0,0.0
2013,026002,89247.50987000002,1713.802084,0.0,1.0,1.0,0.0
2013,026003,82887.23576,1668.424319,0.0,0.0,0.0,0.0
2013,026004,85844.17753,1371.885905,0.0,1.0,2.0,0.0
2013,026100,85824.12689,1366.60942,0.0,0.0,3.0,0.0
2013,026200,102008.1594,1269.5221099999999,0.0,0.0,1.0,1.0
2013,026301,75070.652,1516.461573,0.0,1.0,0.0,0.0
2013,026302,86720.07392000001,1492.189745,0.0,0.0,0.0,2.0
2013,026303,93332.56397999999,1401.434216,0.0,0.0,0.0,0.0
2013,026401,64703.41574,1201.983112,0.0,0.0,0.0,0.0
2013,026402,89246.45457999998,1530.180432,0.0,0.0,0.0,0.0
2013,026403,55483.28717,1425.706044,0.0,0.0,0.0,0.0
2013,026404,63907.72192,670.1134995,0.0,0.0,1.0,0.0
2013,030101,120615.1534,1777.1198949999994,0.0,1.0,0.0,2.0
2013,030102,139173.6038,1926.972048,0.0,0.0,1.0,0.0
2013,030201,107948.4253,1752.8480670000001,0.0,0.0,0.0,2.0
2013,030202,94324.54302000001,1777.1198949999994,0.0,1.0,3.0,3.0
2013,030301,144092.3424,1841.493003,0.0,0.0,0.0,0.0
2013,030302,159961.8965,2000.0,0.0,0.0,0.0,0.0
2013,030400,192160.0587,1493.245042,0.0,1.0,2.0,0.0
2013,030500,146505.8063,1725.4103489999998,0.0,0.0,0.0,0.0
2013,030600,191320.0424,2000.0,0.0,1.0,0.0,1.0
2013,030700,156020.3627,2000.0,0.0,0.0,0.0,0.0
2013,030800,188078.1704,1638.876008,0.0,1.0,0.0,2.0
2013,030900,190186.6535,2000.0,0.0,0.0,1.0,0.0
2013,031000,125837.8175,2000.0,0.0,0.0,0.0,0.0
2013,031100,123871.7995,2000.0,0.0,1.0,1.0,1.0
2013,031201,92415.51102,1791.8940510000002,0.0,1.0,2.0,3.0
2013,031202,88237.59079,1871.041314,0.0,1.0,0.0,0.0
2013,031301,115570.8345,1884.7601739999998,0.0,0.0,0.0,0.0
2013,031302,83762.07685,1961.7968440000002,0.0,0.0,1.0,0.0
2013,031400,73612.23175,1176.6559869999999,0.0,1.0,0.0,0.0
2013,032601,99686.50631,1636.765414,0.0,0.0,0.0,4.0
2013,032602,83297.74624,1582.945275,0.0,0.0,0.0,0.0
2013,032700,112184.3869,1650.484273,0.0,0.0,0.0,0.0
2013,032801,91479.46271,1535.456916,0.0,0.0,1.0,1.0
2013,032802,93303.01567000001,2000.0,0.0,0.0,0.0,0.0
2013,032901,97802.80142999999,1995.566343,0.0,0.0,1.0,0.0
2013,032902,121565.9759,1471.083808,0.0,1.0,1.0,0.0
2013,033000,121498.4369,2000.0,0.0,0.0,0.0,1.0
2013,033100,130276.3961,2000.0,0.0,1.0,0.0,0.0
2013,033201,45993.0026,1746.516286,0.0,1.0,0.0,0.0
2013,033203,72103.15725,2000.0,0.0,0.0,0.0,0.0
2013,033204,63352.63578,1932.248532,0.0,0.0,0.0,0.0
2013,035100,118964.6692,1868.9307210000002,0.0,0.0,0.0,1.0
2013,035201,87284.65772999999,1699.0279280000002,0.0,0.0,1.0,1.0
2013,035202,88585.83875,1734.9080210000006,0.0,1.0,0.0,1.0
2013,035300,105200.4324,1658.9266480000001,0.0,0.0,1.0,1.0
2013,035400,102732.09300000001,1558.6734470000001,0.0,0.0,1.0,2.0
2013,040100,132393.3216,1653.650163,0.0,1.0,0.0,3.0
2013,040200,125770.2785,1458.4202460000001,0.0,1.0,1.0,4.0
2013,042601,99987.26591,1631.48893,0.0,1.0,2.0,1.0
2013,042602,105354.5057,1670.5349130000006,0.0,0.0,0.0,0.0
2013,042700,91039.40393,1552.341666,0.0,2.0,1.0,0.0
2013,042800,332493.4337,2000.0,0.0,0.0,0.0,0.0
2013,045100,103536.2292,1620.935961,0.0,3.0,0.0,0.0
2013,045200,103893.9749,1700.083225,0.0,3.0,0.0,3.0
2013,047600,111121.70300000001,1838.3271120000002,0.0,1.0,0.0,2.0
2013,047701,84872.24914,1471.083808,0.0,1.0,1.0,3.0
2013,047702,102739.4801,1683.198475,0.0,0.0,0.0,0.0
2013,047801,95730.19842,1782.3963789999998,0.0,0.0,0.0,1.0
2013,047802,98738.84973999999,1538.622807,0.0,0.0,0.0,0.0
2013,047901,107678.2694,1350.779968,0.0,2.0,0.0,0.0
2013,047902,98615.38001000001,1741.239802,0.0,0.0,0.0,0.0
2013,060100,207184.3199,2000.0,0.0,0.0,0.0,0.0
2013,060400,67755.33423,1547.065182,0.0,0.0,0.0,0.0
2013,060502,38349.48752,411.56577139999996,0.0,0.0,1.0,0.0
2013,060700,143907.6655,2000.0,0.0,1.0,1.0,0.0
2013,061000,120919.0789,2000.0,0.0,0.0,0.0,0.0
2013,061100,29181.068489999998,492.8236288,0.0,1.0,0.0,2.0
2013,061200,62476.739389999995,1150.273566,1.0,0.0,4.0,0.0
2013,061400,146529.0229,2000.0,1.0,2.0,0.0,0.0
2013,061500,197465.0359,2000.0,1.0,5.0,9.0,3.0
2013,980200,121266.2716,2000.0,0.0,0.0,0.0,0.0
2013,980300,128007.5079,1602.995915,0.0,1.0,0.0,0.0
2013,980401,0.0,0.0,0.0,0.0,0.0,0.0
2013,980501,38965.78088,443.22467689999996,0.0,0.0,0.0,0.0
2013,980600,81359.16592,1228.365533,0.0,0.0,0.0,0.0
2013,980900,127485.1359,2000.0,0.0,1.0,2.0,0.0
2013,990100,0.0,0.0,0.0,0.0,0.0,0.0
2014,010100,98274.49655,1584.3608470000001,0.0,4.0,3.0,0.0
2014,010200,142581.1887,2000.0,1.0,2.0,0.0,1.0
2014,010300,145137.3045,2000.0,0.0,0.0,0.0,1.0
2014,010400,136649.0708,2000.0,0.0,2.0,0.0,1.0
2014,010500,161084.5532,2000.0,0.0,2.0,0.0,0.0
2014,010600,60428.38466,1006.643776,1.0,2.0,2.0,1.0
2014,010700,50665.68447,584.9000536,2.0,5.0,1.0,11.0
2014,010800,113500.3685,1496.1127689999994,0.0,1.0,0.0,0.0
2014,010900,147832.9755,1897.3336829999998,1.0,4.0,1.0,0.0
2014,011000,122038.8831,1550.498212,1.0,0.0,3.0,0.0
2014,011100,85713.51136,1465.328555,0.0,4.0,2.0,2.0
2014,011200,196884.54100000003,1514.5832970000001,0.0,1.0,0.0,0.0
2014,011300,66626.27294,798.3372661000003,5.0,2.0,1.0,2.0
2014,011700,96667.56061,1054.872377,0.0,0.0,8.0,0.0
2014,011800,34208.44401,640.3116376,0.0,0.0,0.0,1.0
2014,011901,94994.95168,1548.445931,0.0,1.0,0.0,1.0
2014,011902,76822.00441000001,1445.8318869999994,1.0,4.0,1.0,0.0
2014,012000,52481.95305,1145.172736,0.0,2.0,0.0,1.0
2014,012100,62033.26831,1402.7339880000006,0.0,0.0,2.0,0.0
2014,012201,49289.63013,1312.4336289999999,0.0,1.0,0.0,8.0
2014,012202,50698.52096,923.5264004,0.0,0.0,1.0,3.0
2014,012301,22158.476769999997,614.6581265,0.0,0.0,1.0,2.0
2014,012302,48473.84848,1277.544854,0.0,4.0,7.0,1.0
2014,012401,28268.11698000001,818.860075,2.0,1.0,1.0,6.0
2014,012402,60299.09096,1085.656591,0.0,1.0,2.0,1.0
2014,012501,20347.338880000007,553.0896998,1.0,1.0,3.0,0.0
2014,012502,23547.87093,455.6063575,0.0,0.0,0.0,2.0
2014,012601,144161.445,1919.9087719999998,0.0,0.0,0.0,0.0
2014,012602,194055.4718,2000.0,0.0,1.0,0.0,0.0
2014,012700,155225.2912,1989.6863230000001,0.0,0.0,1.0,0.0
2014,012800,180322.6342,2000.0,0.0,2.0,7.0,0.0
2014,012901,156326.3399,1952.7452670000002,0.0,0.0,0.0,0.0
2014,012902,127372.7611,1752.64788,0.0,1.0,1.0,0.0
2014,013000,161607.8848,1971.2157949999998,0.0,1.0,2.0,2.0
2014,013101,165604.7018,2000.0,0.0,1.0,0.0,0.0
2014,013102,170797.9986,2000.0,0.0,1.0,0.0,0.0
2014,013200,263848.4142,2000.0,0.0,2.0,1.0,0.0
2014,013300,249934.9759,2000.0,0.0,1.0,1.0,0.0
2014,013400,177799.3549,2000.0,0.0,2.0,0.0,0.0
2014,013500,147901.7269,1732.1250710000006,0.0,0.0,2.0,1.0
2014,015100,102033.24900000001,1895.2814019999998,0.0,0.0,0.0,1.0
2014,015200,97504.89121,1558.707336,0.0,2.0,0.0,0.0
2014,015300,154172.4711,1833.712975,0.0,2.0,0.0,0.0
2014,015400,141664.8453,1898.359823,0.0,2.0,1.0,1.0
2014,015500,95663.99525,1432.492061,0.0,1.0,0.0,1.0
2014,015600,123693.0215,1583.334706,0.0,0.0,1.0,0.0
2014,015700,119175.9513,1752.64788,0.0,2.0,0.0,2.0
2014,015801,92922.14798,1181.087652,0.0,0.0,0.0,1.0
2014,015802,124761.2337,1450.962589,0.0,2.0,0.0,1.0
2014,015900,67806.33446,1652.086116,1.0,2.0,0.0,2.0
2014,016000,84048.08542,1361.6883699999996,0.0,2.0,0.0,0.0
2014,016100,41356.53835,623.8933905,0.0,0.0,0.0,1.0
2014,016200,91357.28381000001,1343.217842,0.0,1.0,1.0,1.0
2014,016300,147319.9052,1645.929274,0.0,2.0,0.0,3.0
2014,016400,110101.7913,1819.347009,0.0,5.0,2.0,1.0
2014,016500,109283.9574,1596.674532,0.0,0.0,0.0,2.0
2014,016600,111276.7221,1881.9415760000002,0.0,2.0,2.0,0.0
2014,016700,152147.896,1876.8108739999998,0.0,1.0,0.0,2.0
2014,016801,105388.7282,1730.07279,0.0,1.0,0.0,1.0
2014,016802,131221.8139,1312.4336289999999,0.0,1.0,0.0,0.0
2014,016900,122790.0179,1598.726813,0.0,2.0,0.0,2.0
2014,017000,158821.9135,2000.0,0.0,0.0,0.0,0.0
2014,017101,184658.0776,1939.405441,0.0,0.0,0.0,0.0
2014,017102,161038.3769,1950.692986,0.0,0.0,1.0,1.0
2014,017601,68857.10227,757.2916482999997,2.0,3.0,4.0,2.0
2014,017700,112624.0445,1584.3608470000001,0.0,3.0,0.0,1.0
2014,017801,62328.79676000001,301.6852908,0.0,1.0,0.0,0.0
2014,017802,105258.4084,1116.4408039999996,1.0,1.0,3.0,1.0
2014,017902,56971.3175,1690.053313,0.0,0.0,0.0,0.0
2014,018000,149911.936,2000.0,0.0,2.0,1.0,0.0
2014,020100,70793.42929,882.4807826,0.0,2.0,0.0,4.0
2014,020200,86969.50726,1443.779606,1.0,2.0,1.0,4.0
2014,020300,119164.6637,1745.4648969999994,0.0,6.0,2.0,0.0
2014,020401,178053.8377,2000.0,0.0,0.0,0.0,0.0
2014,020402,118542.8226,1891.1768399999999,0.0,0.0,0.0,0.0
2014,020500,160811.5998,1756.7524420000002,0.0,2.0,1.0,0.0
2014,020600,183387.7157,1813.190166,0.0,3.0,2.0,0.0
2014,020700,174334.0786,1828.582273,0.0,1.0,0.0,2.0
2014,020800,103527.3095,1167.747826,1.0,0.0,0.0,5.0
2014,020900,80456.59386000001,1231.368534,0.0,3.0,0.0,4.0
2014,021000,151100.2066,1781.3798120000001,0.0,0.0,0.0,2.0
2014,021100,191498.3298,2000.0,0.0,1.0,1.0,0.0
2014,021200,161515.5322,2000.0,0.0,0.0,0.0,0.0
2014,021300,202976.7368,1777.2752510000007,0.0,1.0,0.0,0.0
2014,021400,176289.9023,2000.0,0.0,2.0,2.0,0.0
2014,021500,128720.0835,1526.896982,0.0,2.0,0.0,0.0
2014,021600,146701.1426,2000.0,0.0,0.0,0.0,0.0
2014,021700,133974.9488,1369.897494,0.0,1.0,0.0,0.0
2014,021800,158753.1621,2000.0,0.0,2.0,0.0,0.0
2014,022600,206528.2089,2000.0,0.0,0.0,2.0,1.0
2014,022702,198760.3257,2000.0,0.0,3.0,1.0,1.0
2014,022704,193582.4211,2000.0,0.0,1.0,0.0,0.0
2014,022801,134242.7714,1853.209643,0.0,0.0,1.0,2.0
2014,022802,102604.8092,1273.440292,0.0,0.0,0.0,1.0
2014,022803,98110.31407000001,1479.6945210000001,0.0,0.0,0.0,1.0
2014,022901,93525.51857,1585.3869869999999,0.0,0.0,2.0,3.0
2014,022902,122142.5233,1508.426454,0.0,1.0,0.0,1.0
2014,022903,102157.412,1646.955414,0.0,3.0,2.0,0.0
2014,023001,74241.26119,1207.767304,0.0,1.0,0.0,0.0
2014,023003,103115.8272,1769.066127,0.0,0.0,0.0,0.0
2014,023102,53104.8203,725.4812945,0.0,0.0,0.0,0.0
2014,023103,28195.261000000002,438.16197,0.0,0.0,1.0,0.0
2014,023200,60699.28574,1209.819584,2.0,1.0,1.0,0.0
2014,023300,88380.45038,909.1604342,0.0,0.0,0.0,0.0
2014,023400,61147.70911,690.5925194,0.0,1.0,1.0,0.0
2014,025100,138656.2015,1780.353672,0.0,1.0,0.0,1.0
2014,025200,155704.4988,1753.67402,0.0,5.0,2.0,2.0
2014,025300,141776.6946,1619.249622,0.0,1.0,0.0,2.0
2014,025401,112759.4951,1247.786781,0.0,1.0,0.0,1.0
2014,025402,131104.8339,1447.884168,0.0,1.0,0.0,0.0
2014,025403,106154.229,1432.492061,0.0,0.0,0.0,1.0
2014,025500,117704.4659,1824.477711,0.0,1.0,0.0,6.0
2014,025600,86099.34017000001,1266.257309,0.0,0.0,0.0,2.0
2014,025701,118375.5617,1481.746802,0.0,0.0,1.0,0.0
2014,025702,84650.42986,1481.746802,0.0,1.0,1.0,4.0
2014,025800,70791.37701,1178.009231,0.0,0.0,0.0,0.0
2014,025900,100844.9784,1922.987194,0.0,0.0,0.0,0.0
2014,026001,83828.49136,1386.3157410000001,0.0,0.0,0.0,0.0
2014,026002,92922.14798,1650.033835,0.0,1.0,1.0,0.0
2014,026003,80942.98443,1684.92261,0.0,0.0,0.0,0.0
2014,026004,89164.42168,1448.910308,0.0,1.0,2.0,0.0
2014,026100,82464.75071000001,1377.080477,0.0,0.0,3.0,0.0
2014,026200,95932.84405,1393.498724,0.0,0.0,1.0,1.0
2014,026301,76808.66458,1429.41364,0.0,1.0,0.0,0.0
2014,026302,86828.92602,1524.844701,0.0,0.0,0.0,2.0
2014,026303,84427.75738,1553.576634,0.0,0.0,0.0,0.0
2014,026401,60042.55585,968.6765800000001,0.0,0.0,0.0,0.0
2014,026402,94354.64005,1670.556644,0.0,0.0,0.0,1.0
2014,026403,59642.361079999995,1273.440292,0.0,0.0,0.0,0.0
2014,026404,65361.04177999999,1105.153259,0.0,0.0,1.0,0.0
2014,030101,112799.5145,1712.628402,0.0,1.0,0.0,2.0
2014,030102,143500.6105,1988.660182,0.0,0.0,1.0,0.0
2014,030201,107753.98199999999,1739.3080539999999,0.0,0.0,0.0,2.0
2014,030202,114264.8431,1784.458234,0.0,2.0,3.0,3.0
2014,030301,136000.55,1793.693498,0.0,0.0,0.0,0.0
2014,030302,156993.3312,1579.230145,0.0,0.0,0.0,0.0
2014,030400,211146.8671,1507.400314,0.0,1.0,2.0,0.0
2014,030500,138208.8042,1515.6094369999994,0.0,0.0,0.0,0.0
2014,030600,197064.1156,2000.0,0.0,1.0,0.0,1.0
2014,030700,146787.3384,2000.0,0.0,0.0,0.0,0.0
2014,030800,201311.3109,1916.830351,0.0,2.0,0.0,2.0
2014,030900,180466.2939,2000.0,0.0,0.0,1.0,0.0
2014,031000,131417.8068,2000.0,0.0,0.0,0.0,0.0
2014,031100,119722.8841,2000.0,0.0,1.0,1.0,1.0
2014,031201,98524.87481000001,1679.791908,0.0,1.0,2.0,3.0
2014,031202,82657.66511,1763.935425,0.0,1.0,0.0,0.0
2014,031301,117444.8523,1504.321892,0.0,0.0,0.0,0.0
2014,031302,78306.82963,1970.189654,0.0,0.0,1.0,0.0
2014,031400,72799.53386,1043.584832,0.0,1.0,0.0,0.0
2014,032601,107054.1542,1665.425942,0.0,0.0,0.0,4.0
2014,032602,94301.28074,2000.0,0.0,0.0,0.0,0.0
2014,032700,113462.4013,1676.713487,0.0,0.0,0.0,0.0
2014,032801,100358.5878,1510.478735,0.0,0.0,1.0,1.0
2014,032802,92653.29918999999,1869.627891,0.0,0.0,0.0,0.0
2014,032901,105653.4725,1795.7457789999999,0.0,0.0,1.0,0.0
2014,032902,118698.796,1935.300879,0.0,2.0,1.0,0.0
2014,033000,117878.9097,1889.124559,0.0,0.0,0.0,1.0
2014,033100,142536.0385,2000.0,0.0,1.0,0.0,0.0
2014,033201,42276.98633,1759.830863,0.0,1.0,0.0,0.0
2014,033203,69020.2586,2000.0,0.0,0.0,0.0,0.0
2014,033204,54660.44922,1865.5233289999999,0.0,1.0,0.0,0.0
2014,035100,116872.266,1823.451571,0.0,0.0,0.0,1.0
2014,035201,94900.54676,1660.2952400000001,0.0,0.0,1.0,1.0
2014,035202,85176.83991,1585.3869869999999,0.0,1.0,0.0,1.0
2014,035300,100672.5868,1657.2168179999999,0.0,0.0,1.0,1.0
2014,035400,101065.5986,1502.269611,0.0,0.0,1.0,2.0
2014,040100,130774.4167,1555.6289140000001,0.0,1.0,0.0,3.0
2014,040200,130307.5228,1511.504875,0.0,1.0,2.0,4.0
2014,042601,88917.12182999997,1528.949263,0.0,1.0,2.0,2.0
2014,042602,122197.9349,1784.458234,0.0,0.0,0.0,0.0
2014,042700,82372.39807000001,1496.1127689999994,0.0,2.0,1.0,0.0
2014,042800,283286.5926,2000.0,0.0,0.0,0.0,0.0
2014,045100,105748.9035,1711.602262,0.0,3.0,0.0,0.0
2014,045200,109216.2321,1649.007695,0.0,3.0,0.0,3.0
2014,047600,103876.1972,1757.7785820000001,0.0,1.0,0.0,2.0
2014,047701,89973.02035,1449.936449,0.0,1.0,1.0,4.0
2014,047702,104204.5622,1598.726813,0.0,0.0,0.0,0.0
2014,047801,98983.55959,1761.8831440000001,0.0,0.0,0.0,1.0
2014,047802,84502.66562999999,1536.1322460000001,0.0,0.0,0.0,0.0
2014,047901,112020.6739,1394.524865,0.0,2.0,0.0,0.0
2014,047902,101673.0737,1736.229633,0.0,0.0,0.0,0.0
2014,060100,222012.6682,2000.0,0.0,0.0,0.0,0.0
2014,060400,64212.79062000001,1624.380324,0.0,0.0,0.0,0.0
2014,060502,40434.038089999995,426.8744251,0.0,0.0,1.0,0.0
2014,060700,135736.8319,2000.0,0.0,1.0,1.0,0.0
2014,061000,119178.0035,2000.0,0.0,0.0,0.0,0.0
2014,061100,29170.09443,482.2860091,0.0,1.0,0.0,2.0
2014,061200,57041.09505,1136.9636130000001,1.0,0.0,4.0,2.0
2014,061400,153011.9063,2000.0,1.0,2.0,0.0,0.0
2014,061500,191946.7532,2000.0,2.0,5.0,12.0,3.0
2014,980200,114575.7637,2000.0,0.0,0.0,0.0,0.0
2014,980300,124210.1963,1610.014358,0.0,1.0,0.0,0.0
2014,980401,0.0,0.0,0.0,0.0,0.0,0.0
2014,980501,36382.83561,432.0051273,0.0,0.0,0.0,0.0
2014,980600,69653.38726,1211.871865,0.0,0.0,0.0,0.0
2014,980900,96716.81535,1603.8575150000001,1.0,1.0,2.0,0.0
2014,990100,0.0,0.0,0.0,0.0,0.0,0.0
